화면,ID,이름,유형,원본 x,원본 y,원본 폭,원본 높이,Figma x,Figma y,Figma 폭,Figma 높이,목적지,동작,최대 글자수,필수,터치 참고
S01,start,시작,button,0,0,853,1844,0,0,390,843.09,S02,start,,False,시각 영역이 최소 터치 기준 이상
S02,next,다음,button,60,1541,735,128,27.43,704.56,336.05,58.52,S03,navigate,,False,시각 영역이 최소 터치 기준 이상
S02,skip,건너뛰기,button,306,1705,252,78,139.91,779.54,115.22,35.66,S08,navigate,,False,시각 위치 보존. 개발 시 겹치지 않는 48dp 터치 영역 확보
S03,notice,위 내용을 확인했어요,checkbox,102,1345,44,45,46.64,614.95,20.12,20.57,,toggle:notice,,False,시각 위치 보존. 개발 시 겹치지 않는 48dp 터치 영역 확보
S03,privacy,처리방침에 동의,checkbox,102,1448,44,45,46.64,662.04,20.12,20.57,,toggle:privacy,,False,시각 위치 보존. 개발 시 겹치지 않는 48dp 터치 영역 확보
S03,privacy-info,개인정보 처리방침 보기,link,174,1448,324,46,79.55,662.04,148.14,21.03,O_PRIVACY,overlay,,False,시각 위치 보존. 개발 시 겹치지 않는 48dp 터치 영역 확보
S03,continue,동의하고 시작,button,71,1534,711,112,32.46,701.36,325.08,51.21,S04,consent_gate,,False,시각 영역이 최소 터치 기준 이상
S03,later,나중에 할게요,button,289,1663,319,98,132.13,760.34,145.85,44.81,S08,navigate,,False,시각 위치 보존. 개발 시 겹치지 않는 48dp 터치 영역 확보
S04,font,글자 크기,slider,166,625,520,90,75.9,285.76,237.75,41.15,O_FONT,overlay,,False,시각 위치 보존. 개발 시 겹치지 않는 48dp 터치 영역 확보
S04,speed0,아주 느리게,tab,78,887,140,56,35.66,405.55,64.01,25.6,,speed:0,,False,시각 위치 보존. 개발 시 겹치지 않는 48dp 터치 영역 확보
S04,speed1,느리게,tab,218,887,140,56,99.67,405.55,64.01,25.6,,speed:1,,False,시각 위치 보존. 개발 시 겹치지 않는 48dp 터치 영역 확보
S04,speed2,보통,tab,358,887,140,56,163.68,405.55,64.01,25.6,,speed:2,,False,시각 위치 보존. 개발 시 겹치지 않는 48dp 터치 영역 확보
S04,speed3,빠르게,tab,498,887,140,56,227.69,405.55,64.01,25.6,,speed:3,,False,시각 위치 보존. 개발 시 겹치지 않는 48dp 터치 영역 확보
S04,speed4,아주 빠르게,tab,638,887,140,56,291.7,405.55,64.01,25.6,,speed:4,,False,시각 위치 보존. 개발 시 겹치지 않는 48dp 터치 영역 확보
S04,vibration,진동 알림,switch,688,1008,92,49,314.56,460.87,42.06,22.4,,toggle:vibration,,False,시각 위치 보존. 개발 시 겹치지 않는 48dp 터치 영역 확보
S04,emphasis,시각 강조,switch,688,1135,92,51,314.56,518.93,42.06,23.32,,toggle:emphasis,,False,시각 위치 보존. 개발 시 겹치지 않는 48dp 터치 영역 확보
S04,quick-off,빠른 확인 끄기,tab,533,1263,117,63,243.69,577.46,53.49,28.8,,quick:false,,False,시각 위치 보존. 개발 시 겹치지 않는 48dp 터치 영역 확보
S04,quick-on,빠른 확인 켜기,tab,650,1263,120,63,297.19,577.46,54.87,28.8,,quick:true,,False,시각 위치 보존. 개발 시 겹치지 않는 48dp 터치 영역 확보
S04,save,저장하고 계속,button,42,1608,769,112,19.2,735.19,351.59,51.21,S05,navigate,,False,시각 영역이 최소 터치 기준 이상
S04,default,기본값으로 시작,button,246,1725,371,76,112.47,788.69,169.62,34.75,S05,reset_settings,,False,시각 위치 보존. 개발 시 겹치지 않는 48dp 터치 영역 확보
S05,register,등록 시작,button,49,1549,754,110,22.4,708.22,344.74,50.29,S06,navigate,,False,시각 영역이 최소 터치 기준 이상
S05,later,나중에 할게요,button,50,1685,752,102,22.86,770.4,343.82,46.64,S08,navigate,,False,시각 위치 보존. 개발 시 겹치지 않는 48dp 터치 영역 확보
S05,category-이름,이름,card,48,766,367,360,21.95,350.22,167.8,164.6,S06,category:이름,,False,시각 영역이 최소 터치 기준 이상
S05,category-장소,장소,card,435,766,367,360,198.89,350.22,167.8,164.6,S06,category:장소,,False,시각 영역이 최소 터치 기준 이상
S05,category-시간,시간,card,48,1143,367,366,21.95,522.59,167.8,167.34,S06,category:시간,,False,시각 영역이 최소 터치 기준 이상
S05,category-자주 쓰는 말,자주 쓰는 말,card,435,1143,367,366,198.89,522.59,167.8,167.34,S06,category:자주 쓰는 말,,False,시각 영역이 최소 터치 기준 이상
S06,search,템플릿 검색,input,178,459,493,67,81.38,209.86,225.4,30.63,O_SEARCH_TEMPLATE,overlay,40,False,시각 위치 보존. 개발 시 겹치지 않는 48dp 터치 영역 확보
S06,category0,이름,radio,53,559,746,185,24.23,255.58,341.08,84.58,,category:0,,False,시각 영역이 최소 터치 기준 이상
S06,category1,장소,radio,53,761,746,185,24.23,347.94,341.08,84.58,,category:1,,False,시각 영역이 최소 터치 기준 이상
S06,category2,시간,radio,53,963,746,185,24.23,440.29,341.08,84.58,,category:2,,False,시각 영역이 최소 터치 기준 이상
S06,category3,메시지,radio,53,1165,746,185,24.23,532.65,341.08,84.58,,category:3,,False,시각 영역이 최소 터치 기준 이상
S06,category4,자주 쓰는 말,radio,53,1367,746,185,24.23,625.01,341.08,84.58,,category:4,,False,시각 영역이 최소 터치 기준 이상
S06,next,다음,button,74,1596,703,108,33.83,729.71,321.42,49.38,S07,navigate,,False,시각 영역이 최소 터치 기준 이상
S06,direct,직접 만들기,button,262,1719,327,85,119.79,785.94,149.51,38.86,S07,navigate,,False,시각 위치 보존. 개발 시 겹치지 않는 48dp 터치 영역 확보
S07,back,이전 화면,icon,47,43,79,77,21.49,19.66,36.12,35.21,S06,navigate,,False,시각 위치 보존. 개발 시 겹치지 않는 48dp 터치 영역 확보
S07,type,직접 입력,tab,61,309,372,91,27.89,141.28,170.08,41.61,,inputmode:text,,False,시각 위치 보존. 개발 시 겹치지 않는 48dp 터치 영역 확보
S07,voice,음성으로 입력,tab,434,309,370,91,198.43,141.28,169.17,41.61,O_VOICE_REGISTER,overlay,,False,시각 위치 보존. 개발 시 겹치지 않는 48dp 터치 영역 확보
S07,category,카테고리,select,89,769,677,82,40.69,351.59,309.53,37.49,O_CATEGORY,overlay,,False,시각 위치 보존. 개발 시 겹치지 않는 48dp 터치 영역 확보
S07,title,표현 제목,input,89,948,677,83,40.69,433.43,309.53,37.95,O_EDIT_TITLE,overlay,40,False,시각 위치 보존. 개발 시 겹치지 않는 48dp 터치 영역 확보
S07,content,표현 내용,textarea,89,1127,678,228,40.69,515.28,309.99,104.24,O_EDIT_EXPRESSION,overlay,80,True,시각 영역이 최소 터치 기준 이상
S07,clear,표현 내용 지우기,icon,700,1155,42,46,320.05,528.08,19.2,21.03,,clear:expression,,False,시각 위치 보존. 개발 시 겹치지 않는 48dp 터치 영역 확보
S07,listen,TTS 미리 듣기,button,89,1386,269,79,40.69,633.69,122.99,36.12,O_LISTEN,overlay,,False,시각 위치 보존. 개발 시 겹치지 않는 48dp 터치 영역 확보
S07,cancel,취소,button,55,1679,199,98,25.15,767.66,90.98,44.81,S13,navigate,,False,시각 위치 보존. 개발 시 겹치지 않는 48dp 터치 영역 확보
S07,delete,표현 삭제,button,277,1679,171,98,126.65,767.66,78.18,44.81,S27,navigate,,False,시각 위치 보존. 개발 시 겹치지 않는 48dp 터치 영역 확보
S07,save,저장,button,469,1678,332,99,214.43,767.2,151.79,45.26,S13,save_expression,,False,시각 위치 보존. 개발 시 겹치지 않는 48dp 터치 영역 확보
S08,menu,알림·설정 메뉴,icon,752,59,64,65,343.82,26.98,29.26,29.72,O_MENU,overlay,,False,시각 위치 보존. 개발 시 겹치지 않는 48dp 터치 영역 확보
S08,mic,눌러서 말하기,mic,275,646,304,310,125.73,295.36,138.99,141.74,S09,record,,False,시각 영역이 최소 터치 기준 이상
S08,reward,말친구 리워드,card,46,332,760,282,21.03,151.79,347.48,128.93,S19,navigate,,False,시각 영역이 최소 터치 기준 이상
S08,more,최근 등록 문장 전체,link,693,1014,91,48,316.85,463.61,41.61,21.95,S13,navigate,,False,시각 위치 보존. 개발 시 겹치지 않는 48dp 터치 영역 확보
S08,recent0,등록 문장 1,card,63,1077,725,57,28.8,492.42,331.48,26.06,S11,choose_registered,,False,시각 위치 보존. 개발 시 겹치지 않는 48dp 터치 영역 확보
S08,recent1,등록 문장 2,card,63,1142,725,57,28.8,522.13,331.48,26.06,S11,choose_registered,,False,시각 위치 보존. 개발 시 겹치지 않는 48dp 터치 영역 확보
S08,recent2,등록 문장 3,card,63,1207,725,57,28.8,551.85,331.48,26.06,S11,choose_registered,,False,시각 위치 보존. 개발 시 겹치지 않는 48dp 터치 영역 확보
S08,quick0,이름,card,45,1394,176,199,20.57,637.35,80.47,90.98,S13,filter:0,,False,시각 영역이 최소 터치 기준 이상
S08,quick1,장소,card,236,1394,176,199,107.9,637.35,80.47,90.98,S13,filter:1,,False,시각 영역이 최소 터치 기준 이상
S08,quick2,시간,card,427,1394,176,199,195.23,637.35,80.47,90.98,S13,filter:2,,False,시각 영역이 최소 터치 기준 이상
S08,quick3,자주 쓰는 말,card,618,1394,176,199,282.56,637.35,80.47,90.98,S13,filter:3,,False,시각 영역이 최소 터치 기준 이상
S08,streak,말친구 사용 기록,card,48,1640,754,130,21.95,749.82,344.74,59.44,S19,navigate,,False,시각 영역이 최소 터치 기준 이상
S09,stop,녹음 중지,button,103,1450,646,150,47.09,662.95,295.36,68.58,S10,finish_record,,False,시각 영역이 최소 터치 기준 이상
S09,cancel,녹음 취소,button,325,1635,202,103,148.59,747.54,92.36,47.09,S08,cancel_record,,False,시각 위치 보존. 개발 시 겹치지 않는 48dp 터치 영역 확보
S10,listen-original,원문 듣기,icon,657,627,103,104,300.39,286.67,47.09,47.55,O_LISTEN,overlay,,False,시각 위치 보존. 개발 시 겹치지 않는 48dp 터치 영역 확보
S10,candidate0,인식 후보 1,radio,64,934,581,132,29.26,427.03,265.64,60.35,,candidate:0,,False,시각 영역이 최소 터치 기준 이상
S10,listen0,후보 1 듣기,icon,660,960,86,88,301.76,438.92,39.32,40.23,O_LISTEN,overlay,,False,시각 위치 보존. 개발 시 겹치지 않는 48dp 터치 영역 확보
S10,candidate1,인식 후보 2,radio,64,1088,581,132,29.26,497.44,265.64,60.35,,candidate:1,,False,시각 영역이 최소 터치 기준 이상
S10,listen1,후보 2 듣기,icon,660,1114,86,88,301.76,509.33,39.32,40.23,O_LISTEN,overlay,,False,시각 위치 보존. 개발 시 겹치지 않는 48dp 터치 영역 확보
S10,candidate2,인식 후보 3,radio,64,1242,581,132,29.26,567.85,265.64,60.35,,candidate:2,,False,시각 영역이 최소 터치 기준 이상
S10,listen2,후보 3 듣기,icon,660,1268,86,88,301.76,579.74,39.32,40.23,O_LISTEN,overlay,,False,시각 위치 보존. 개발 시 겹치지 않는 48dp 터치 영역 확보
S10,next,이 문장으로 할게요,button,65,1569,723,118,29.72,717.36,330.56,53.95,S11,confirm_selection,,False,시각 영역이 최소 터치 기준 이상
S10,edit,직접 수정,button,302,1713,256,94,138.08,783.2,117.05,42.98,S11,navigate,,False,시각 위치 보존. 개발 시 겹치지 않는 48dp 터치 영역 확보
S11,listen,선택한 문장 듣기,button,96,802,662,100,43.89,366.68,302.67,45.72,O_LISTEN,overlay,,False,시각 위치 보존. 개발 시 겹치지 않는 48dp 터치 영역 확보
S11,listen-icon,선택 문장 음성 아이콘,icon,641,652,117,121,293.07,298.1,53.49,55.32,O_LISTEN,overlay,,False,시각 영역이 최소 터치 기준 이상
S11,content,보낼 문장 직접 수정,textarea,74,1129,708,274,33.83,516.19,323.7,125.28,O_EDIT_MESSAGE,overlay,200,True,시각 영역이 최소 터치 기준 이상
S11,rerecord,다시 말하기,card,51,1455,750,121,23.32,665.24,342.91,55.32,S09,record,,False,시각 영역이 최소 터치 기준 이상
S11,next,이 문장으로 진행,button,54,1616,742,111,24.69,738.85,339.25,50.75,S12,confirm_message,,False,시각 영역이 최소 터치 기준 이상
S12,approve,문장을 확인했어요,checkbox,50,856,753,166,22.86,391.37,344.28,75.9,S21,approve,,False,시각 영역이 최소 터치 기준 이상
S12,edit,문장 다시 수정,card,50,415,753,408,22.86,189.74,344.28,186.54,S11,edit_reset,,False,시각 영역이 최소 터치 기준 이상
S12,home,홈으로,button,300,1706,256,84,137.16,780,117.05,38.41,S08,navigate,,False,시각 위치 보존. 개발 시 겹치지 않는 48dp 터치 영역 확보
S13,menu,앱 메뉴,icon,748,46,68,74,341.99,21.03,31.09,33.83,O_MENU,overlay,,False,시각 위치 보존. 개발 시 겹치지 않는 48dp 터치 영역 확보
S18,menu,앱 메뉴,icon,748,46,68,74,341.99,21.03,31.09,33.83,O_MENU,overlay,,False,시각 위치 보존. 개발 시 겹치지 않는 48dp 터치 영역 확보
S19,menu,앱 메뉴,icon,748,46,68,74,341.99,21.03,31.09,33.83,O_MENU,overlay,,False,시각 위치 보존. 개발 시 겹치지 않는 48dp 터치 영역 확보
S13,search,핵심표현 검색,input,44,354,765,84,20.12,161.85,349.77,38.41,O_SEARCH_EXPRESSION,overlay,40,False,시각 위치 보존. 개발 시 겹치지 않는 48dp 터치 영역 확보
S13,filter0,이름,tab,42,465,132,68,19.2,212.6,60.35,31.09,,filter:0,,False,시각 위치 보존. 개발 시 겹치지 않는 48dp 터치 영역 확보
S13,filter1,장소,tab,192,465,133,68,87.78,212.6,60.81,31.09,,filter:1,,False,시각 위치 보존. 개발 시 겹치지 않는 48dp 터치 영역 확보
S13,filter2,시간,tab,341,465,132,68,155.91,212.6,60.35,31.09,,filter:2,,False,시각 위치 보존. 개발 시 겹치지 않는 48dp 터치 영역 확보
S13,filter3,메시지,tab,489,465,140,68,223.58,212.6,64.01,31.09,,filter:3,,False,시각 위치 보존. 개발 시 겹치지 않는 48dp 터치 영역 확보
S13,filter4,자주 쓰는 말,tab,646,465,181,68,295.36,212.6,82.75,31.09,,filter:4,,False,시각 위치 보존. 개발 시 겹치지 않는 48dp 터치 영역 확보
S13,expression0,핵심표현 1 상세,card,45,630,514,119,20.57,288.04,235.01,54.41,S14,navigate,,False,시각 영역이 최소 터치 기준 이상
S13,favorite0,표현 1 즐겨찾기,icon,566,665,49,51,258.78,304.04,22.4,23.32,,favorite:0,,False,시각 위치 보존. 개발 시 겹치지 않는 48dp 터치 영역 확보
S13,expression1,핵심표현 2 상세,card,45,760,514,119,20.57,347.48,235.01,54.41,S14,navigate,,False,시각 영역이 최소 터치 기준 이상
S13,favorite1,표현 2 즐겨찾기,icon,566,795,49,51,258.78,363.48,22.4,23.32,,favorite:1,,False,시각 위치 보존. 개발 시 겹치지 않는 48dp 터치 영역 확보
S13,expression2,핵심표현 3 상세,card,45,890,514,119,20.57,406.92,235.01,54.41,S14,navigate,,False,시각 영역이 최소 터치 기준 이상
S13,favorite2,표현 3 즐겨찾기,icon,566,925,49,51,258.78,422.92,22.4,23.32,,favorite:2,,False,시각 위치 보존. 개발 시 겹치지 않는 48dp 터치 영역 확보
S13,expression3,핵심표현 4 상세,card,45,1020,514,119,20.57,466.35,235.01,54.41,S14,navigate,,False,시각 영역이 최소 터치 기준 이상
S13,favorite3,표현 4 즐겨찾기,icon,566,1055,49,51,258.78,482.36,22.4,23.32,,favorite:3,,False,시각 위치 보존. 개발 시 겹치지 않는 48dp 터치 영역 확보
S13,expression4,핵심표현 5 상세,card,45,1150,514,119,20.57,525.79,235.01,54.41,S14,navigate,,False,시각 영역이 최소 터치 기준 이상
S13,favorite4,표현 5 즐겨찾기,icon,566,1185,49,51,258.78,541.79,22.4,23.32,,favorite:4,,False,시각 위치 보존. 개발 시 겹치지 않는 48dp 터치 영역 확보
S13,expression5,핵심표현 6 상세,card,45,1280,514,119,20.57,585.23,235.01,54.41,S14,navigate,,False,시각 영역이 최소 터치 기준 이상
S13,favorite5,표현 6 즐겨찾기,icon,566,1315,49,51,258.78,601.23,22.4,23.32,,favorite:5,,False,시각 위치 보존. 개발 시 겹치지 않는 48dp 터치 영역 확보
S13,expression6,핵심표현 7 상세,card,45,1410,514,119,20.57,644.67,235.01,54.41,S14,navigate,,False,시각 영역이 최소 터치 기준 이상
S13,favorite6,표현 7 즐겨찾기,icon,566,1445,49,51,258.78,660.67,22.4,23.32,,favorite:6,,False,시각 위치 보존. 개발 시 겹치지 않는 48dp 터치 영역 확보
S13,expression7,핵심표현 8 상세,card,45,1540,514,119,20.57,704.1,235.01,54.41,S14,navigate,,False,시각 영역이 최소 터치 기준 이상
S13,favorite7,표현 8 즐겨찾기,icon,566,1575,49,51,258.78,720.11,22.4,23.32,,favorite:7,,False,시각 위치 보존. 개발 시 겹치지 않는 48dp 터치 영역 확보
S13,add,새 표현 추가,button,43,1685,604,96,19.66,770.4,276.15,43.89,S07,new_expression,,False,시각 위치 보존. 개발 시 겹치지 않는 48dp 터치 영역 확보
S14,back,내 핵심표현으로,icon,43,52,77,81,19.66,23.77,35.21,37.03,S13,navigate,,False,시각 위치 보존. 개발 시 겹치지 않는 48dp 터치 영역 확보
S14,favorite,즐겨찾기,button,578,415,188,70,264.27,189.74,85.96,32,,toggle:detail_favorite,,False,시각 위치 보존. 개발 시 겹치지 않는 48dp 터치 영역 확보
S14,edit,표현 수정,button,48,1417,757,102,21.95,647.87,346.11,46.64,S07,edit_expression,,False,시각 위치 보존. 개발 시 겹치지 않는 48dp 터치 영역 확보
S14,delete,표현 삭제,button,49,1535,754,101,22.4,701.82,344.74,46.18,S27,navigate,,False,시각 위치 보존. 개발 시 겹치지 않는 48dp 터치 영역 확보
S14,listen,등록 표현 듣기,button,49,1652,754,105,22.4,755.31,344.74,48.01,O_LISTEN,overlay,,False,시각 영역이 최소 터치 기준 이상
S15,reset,교정 이력 전체 초기화,button,605,76,203,62,276.61,34.75,92.81,28.35,S22,navigate,,False,시각 위치 보존. 개발 시 겹치지 않는 48dp 터치 영역 확보
S15,delete0,승인 교정 1 삭제,icon,695,815,80,82,317.76,372.63,36.58,37.49,O_DELETE_CORRECTION,overlay,,False,시각 위치 보존. 개발 시 겹치지 않는 48dp 터치 영역 확보
S15,delete1,승인 교정 2 삭제,icon,695,1023,80,82,317.76,467.73,36.58,37.49,O_DELETE_CORRECTION,overlay,,False,시각 위치 보존. 개발 시 겹치지 않는 48dp 터치 영역 확보
S15,delete2,승인 교정 3 삭제,icon,695,1224,80,82,317.76,559.62,36.58,37.49,O_DELETE_CORRECTION,overlay,,False,시각 위치 보존. 개발 시 겹치지 않는 48dp 터치 영역 확보
S15,delete3,승인 교정 4 삭제,icon,695,1412,80,82,317.76,645.58,36.58,37.49,O_DELETE_CORRECTION,overlay,,False,시각 위치 보존. 개발 시 겹치지 않는 48dp 터치 영역 확보
S15,delete4,승인 교정 5 삭제,icon,695,1611,80,82,317.76,736.57,36.58,37.49,O_DELETE_CORRECTION,overlay,,False,시각 위치 보존. 개발 시 겹치지 않는 48dp 터치 영역 확보
S15,home,홈 메뉴,link,59,67,266,84,26.98,30.63,121.62,38.41,O_MENU,overlay,,False,시각 위치 보존. 개발 시 겹치지 않는 48dp 터치 영역 확보
S16,settings,기기 마이크 설정으로,button,74,1344,705,132,33.83,614.49,322.33,60.35,O_PERMISSION,overlay,,False,시각 영역이 최소 터치 기준 이상
S16,registered,등록문장 선택,button,76,1500,702,121,34.75,685.81,320.96,55.32,S13,navigate,,False,시각 영역이 최소 터치 기준 이상
S16,type,직접 입력,button,76,1639,702,121,34.75,749.37,320.96,55.32,S11,navigate,,False,시각 영역이 최소 터치 기준 이상
S17,again,다시 말하기,button,82,1196,688,133,37.49,546.82,314.56,60.81,S09,record,,False,시각 영역이 최소 터치 기준 이상
S17,edit,직접 수정,button,83,1355,687,131,37.95,619.52,314.1,59.89,S11,navigate,,False,시각 영역이 최소 터치 기준 이상
S17,registered,등록문장 선택,button,82,1510,688,132,37.49,690.39,314.56,60.35,S13,navigate,,False,시각 영역이 최소 터치 기준 이상
S17,back,이전 단계로 돌아가기,link,250,1680,407,103,114.3,768.11,186.08,47.09,S08,navigate,,False,시각 위치 보존. 개발 시 겹치지 않는 48dp 터치 영역 확보
S17,menu,앱 메뉴,icon,739,94,79,82,337.88,42.98,36.12,37.49,O_MENU,overlay,,False,시각 위치 보존. 개발 시 겹치지 않는 48dp 터치 영역 확보
S18,access,접근성 설정,card,46,529,760,148,21.03,241.86,347.48,67.67,S04,navigate,,False,시각 영역이 최소 터치 기준 이상
S18,tts,TTS 설정,card,46,682,760,150,21.03,311.82,347.48,68.58,O_TTS,overlay,,False,시각 영역이 최소 터치 기준 이상
S18,delete-data,기기 데이터 삭제,card,46,835,760,156,21.03,381.77,347.48,71.32,O_DELETE_ALL,overlay,,False,시각 영역이 최소 터치 기준 이상
S18,privacy,개인정보 처리방침,card,46,1107,760,148,21.03,506.13,347.48,67.67,O_PRIVACY,overlay,,False,시각 영역이 최소 터치 기준 이상
S18,help,서비스 사용법,card,46,1258,760,150,21.03,575.17,347.48,68.58,S02,navigate,,False,시각 영역이 최소 터치 기준 이상
S18,contact,문의하기,card,46,1411,760,150,21.03,645.12,347.48,68.58,O_CONTACT,overlay,,False,시각 영역이 최소 터치 기준 이상
S19,catalog,말친구 도감 보기,button,104,1649,645,90,47.55,753.94,294.9,41.15,O_CATALOG,overlay,,False,시각 위치 보존. 개발 시 겹치지 않는 48dp 터치 영역 확보
S19,guide,리워드 안내,link,301,1750,272,61,137.62,800.12,124.36,27.89,O_REWARD,overlay,,False,시각 위치 보존. 개발 시 겹치지 않는 48dp 터치 영역 확보
S19,register,표현 등록 미션,icon,654,756,126,125,299.02,345.65,57.61,57.15,S07,navigate,,False,시각 영역이 최소 터치 기준 이상
S19,approve,문장 승인 미션,icon,654,956,126,124,299.02,437.09,57.61,56.69,S08,navigate,,False,시각 영역이 최소 터치 기준 이상
S19,streak,연속 사용 미션,icon,654,1157,126,130,299.02,528.99,57.61,59.44,O_REWARD,overlay,,False,시각 영역이 최소 터치 기준 이상
S20,set,대표 캐릭터로 설정,button,87,1420,678,113,39.78,649.24,309.99,51.66,S08,select_character,,False,시각 영역이 최소 터치 기준 이상
S20,catalog,도감에서 보기,button,89,1558,678,114,40.69,712.33,309.99,52.12,O_CATALOG,overlay,,False,시각 영역이 최소 터치 기준 이상
S20,later,나중에 할게요,link,307,1710,293,64,140.36,781.83,133.96,29.26,S08,navigate,,False,시각 위치 보존. 개발 시 겹치지 않는 48dp 터치 영역 확보
S21,unapprove,승인 취소,checkbox,50,856,753,166,22.86,391.37,344.28,75.9,S12,unapprove,,False,시각 영역이 최소 터치 기준 이상
S21,edit,보낼 문장 다시 수정,card,50,415,753,408,22.86,189.74,344.28,186.54,S11,edit_reset,,False,시각 영역이 최소 터치 기준 이상
S21,share-system,시스템 공유,button,50,1362,234,165,22.86,622.72,106.99,75.44,O_SHARE,share_gate,,False,시각 영역이 최소 터치 기준 이상
S21,copy,텍스트 복사,button,307,1362,235,165,140.36,622.72,107.44,75.44,O_COPIED,share_gate,,False,시각 영역이 최소 터치 기준 이상
S21,message,메시지 공유,button,563,1362,240,165,257.41,622.72,109.73,75.44,O_SHARE,share_gate,,False,시각 영역이 최소 터치 기준 이상
S21,share,공유하기,button,50,1553,752,135,22.86,710.05,343.82,61.72,O_SHARE,share_gate,,False,시각 영역이 최소 터치 기준 이상
S21,home,홈으로,button,300,1706,256,84,137.16,780,117.05,38.41,S08,navigate,,False,시각 위치 보존. 개발 시 겹치지 않는 48dp 터치 영역 확보
